session_key,user_id,start_time,end_time,session_duration_sec,total_requests,requests_per_minute,failed_login_attempts,number_of_pages_accessed,unusual_page_access,ip_changed
37a50b0a3c565f5bbfe082754f476a0fac0da61914fe497400ea279eb42063e5,1,2026-09-22 22:33:55,2026-09-22 22:33:56,1.0,3,180.0,0,2,0,0
b3b5a8cd9f3dc55aad86f5be5f25ecbeffa80eb1de2540129aa0b353decd8986,2,2026-09-23 04:32:18,2026-09-23 04:32:41,23.0,82,213.91,0,2,0,0
c33a2b7edd9935f2b2446e12262dd6965a3d8b7fd6ab5f7ae841189fc0a92bb7,2,2026-09-23 04:33:09,2026-09-23 04:49:03,954.0,41,2.58,0,2,0,0
3d555f5ff3c1029f5c2867b5c01fdb2cbf8723f998da1be23b6ce3dd8f9c7389,2,2026-09-23 05:07:13,2026-09-23 05:07:22,9.0,30,200.0,0,2,0,0
fb972b7c46ae0db2e79e51d364199d3b369f11bfe12bd1993d9ae03ef1546e33,3,2026-09-23 05:57:18,2026-09-23 06:01:50,272.0,8,1.76,0,2,0,0
634519ea3ea87481b9b7212aac4d88abc75da596c40d13e2db9c2b376382a569,2,2026-09-23 06:02:25,2026-09-23 06:02:46,21.0,4,11.43,0,2,0,0
7b7e6cdc0afd8175b7cae96f17aadd95484546f53aa2f6a5ca7ff7f1390b606e,2,2026-09-25 14:19:20,2026-09-25 14:19:31,11.0,20,109.09,0,2,0,0
50827007602a82230a662296be3ad801c73c4fa237e8a901e036ab1652f2eb0e,2,2026-09-25 14:54:28,2026-09-25 14:57:32,184.0,6,1.96,0,2,0,0
ip:127.0.0.1,,2026-09-26 13:16:44,2026-09-26 13:20:39,235.0,5,1.28,5,0,0,0
02de0442b87f3f172e95fff7aadcfaa78c543cf27890dd9a93c60174b072e47f,4,2026-09-27 08:49:38,2026-09-27 08:49:38,1,1,60.0,0,0,0,0
02de0442b87f3f172e95fff7aadcfaa78c543cf27890dd9a93c60174b072e47f,4,2026-09-27 08:49:39,2026-09-27 08:51:20,101.0,5,2.97,0,2,0,0
ip:127.0.0.1,,2026-09-27 08:52:16,2026-09-27 19:16:44,37468.0,17,0.03,17,0,0,0
bbd04a1c8c59fbf51b8ff2bd32eb79dd7e685f4e3216f572c9d885ce13034b94,5,2026-09-27 08:56:05,2026-09-27 08:56:05,1,3,180.0,0,2,0,0
42767562894eb7aed66e63fc63c6d569c4847448c2cc569f57fb20c9a9495b55,5,2026-09-27 09:42:25,2026-09-27 10:03:17,1252.0,11,0.53,0,2,0,0
f5c240b3b7649741d9bcc423dcb06ab9c36939a7080b7abf304fe88ec12b4052,5,2026-09-27 10:03:25,2026-09-27 10:15:33,728.0,9,0.74,0,2,0,0
372fd4170f0510d3b4bdf26168d89ca089b25aac294a8dce5df7c32346fb37c6,5,2026-09-27 10:45:35,2026-09-27 10:53:12,457.0,11,1.44,0,2,0,0
f6fc013d8163741c4d542df6d161c17558d10057c175c42cded6c786c93a399f,6,2026-09-27 18:46:19,2026-09-27 18:46:36,17.0,5,17.65,0,2,0,0
d35f8f7e5a96e1a2903f50c65939d4873a0db0a928aa54ff4bb5474babc23eb0,7,2026-09-27 18:51:36,2026-09-27 18:52:23,47.0,10,12.77,0,2,0,0
5eb4a10a3aacf65361deaf60791dfc79bc38ba24557a7febb351475085441b45,8,2026-09-27 18:58:28,2026-09-27 18:59:14,46.0,10,13.04,0,2,0,0
584b8724cc03e49cfd7e9b75be4d79222f0330195b095f3e8c6b354c374e2967,9,2026-09-27 19:01:26,2026-09-27 19:02:14,48.0,15,18.75,0,2,0,0
c906f0cb169497c088d7ca1fcd58a5c5bfaf8e3aa28e3c253accf3296e191819,10,2026-09-27 19:07:19,2026-09-27 19:08:06,47.0,10,12.77,0,2,0,0
a6406ad9078fef6c52c1567a449386d05867b593ada06320f916c27f1a240062,11,2026-09-27 19:11:27,2026-09-27 19:12:14,47.0,10,12.77,0,2,0,0
790a21bb07c503c14e809cbb75355fe4018d2ce8880f37b6fd903e3d17861fab,12,2026-09-27 19:14:08,2026-09-27 19:15:01,53.0,38,43.02,0,2,1,0
879cbedae3f030ff264ac1f7bfd0f81e0117fcb6c14085a9827982a51cf6809a,13,2026-09-27 19:16:45,2026-09-27 19:17:18,33.0,46,83.64,0,2,0,0
879cbedae3f030ff264ac1f7bfd0f81e0117fcb6c14085a9827982a51cf6809a,13,2026-09-27 19:17:19,2026-09-27 19:17:48,29.0,48,99.31,0,2,1,0
a328c149408706c53c07e535f98ac2e93bc76cea9b5917ef3c3f03d91244ca87,14,2026-09-28 04:17:25,2026-09-28 04:18:12,47.0,10,12.77,0,2,0,0
ip:127.0.0.1,,2026-09-28 04:18:53,2026-09-28 04:18:55,2.0,3,90.0,3,0,0,0
c6284bb778f96f0267b6dc490457703977f82b7f42cfb96c858a36d89ff73cca,15,2026-09-28 04:18:56,2026-09-28 04:19:53,57.0,38,40.0,0,2,1,0
ip:127.0.0.1,,2026-09-28 04:21:14,2026-09-28 04:21:18,4.0,6,90.0,6,0,0,0
48805502dfedc950a911656f71c4b9451498bf10fc18083817bf741c5890faa3,16,2026-09-28 04:21:19,2026-09-28 04:22:23,64.0,94,88.12,0,2,1,0
37a50b0a3c565f5bbfe082754f476a0fac0da61914fe497400ea279eb42063e5,1,2026-09-22 22:33:55,2026-09-22 22:33:56,1.0,3,180.0,0,2,0,0
b3b5a8cd9f3dc55aad86f5be5f25ecbeffa80eb1de2540129aa0b353decd8986,2,2026-09-23 04:32:18,2026-09-23 04:32:41,23.0,82,213.91,0,2,0,0
c33a2b7edd9935f2b2446e12262dd6965a3d8b7fd6ab5f7ae841189fc0a92bb7,2,2026-09-23 04:33:09,2026-09-23 04:49:03,954.0,41,2.58,0,2,0,0
3d555f5ff3c1029f5c2867b5c01fdb2cbf8723f998da1be23b6ce3dd8f9c7389,2,2026-09-23 05:07:13,2026-09-23 05:07:22,9.0,30,200.0,0,2,0,0
fb972b7c46ae0db2e79e51d364199d3b369f11bfe12bd1993d9ae03ef1546e33,3,2026-09-23 05:57:18,2026-09-23 06:01:50,272.0,8,1.76,0,2,0,0
634519ea3ea87481b9b7212aac4d88abc75da596c40d13e2db9c2b376382a569,2,2026-09-23 06:02:25,2026-09-23 06:02:46,21.0,4,11.43,0,2,0,0
7b7e6cdc0afd8175b7cae96f17aadd95484546f53aa2f6a5ca7ff7f1390b606e,2,2026-09-25 14:19:20,2026-09-25 14:19:31,11.0,20,109.09,0,2,0,0
50827007602a82230a662296be3ad801c73c4fa237e8a901e036ab1652f2eb0e,2,2026-09-25 14:54:28,2026-09-25 14:57:32,184.0,6,1.96,0,2,0,0
ip:127.0.0.1,,2026-09-26 13:16:44,2026-09-26 13:20:39,235.0,5,1.28,5,0,0,0
02de0442b87f3f172e95fff7aadcfaa78c543cf27890dd9a93c60174b072e47f,4,2026-09-27 08:49:38,2026-09-27 08:49:38,1,1,60.0,0,0,0,0
02de0442b87f3f172e95fff7aadcfaa78c543cf27890dd9a93c60174b072e47f,4,2026-09-27 08:49:39,2026-09-27 08:51:20,101.0,5,2.97,0,2,0,0
ip:127.0.0.1,,2026-09-27 08:52:16,2026-09-27 19:16:44,37468.0,17,0.03,17,0,0,0
bbd04a1c8c59fbf51b8ff2bd32eb79dd7e685f4e3216f572c9d885ce13034b94,5,2026-09-27 08:56:05,2026-09-27 08:56:05,1,3,180.0,0,2,0,0
42767562894eb7aed66e63fc63c6d569c4847448c2cc569f57fb20c9a9495b55,5,2026-09-27 09:42:25,2026-09-27 10:03:17,1252.0,11,0.53,0,2,0,0
f5c240b3b7649741d9bcc423dcb06ab9c36939a7080b7abf304fe88ec12b4052,5,2026-09-27 10:03:25,2026-09-27 10:15:33,728.0,9,0.74,0,2,0,0
372fd4170f0510d3b4bdf26168d89ca089b25aac294a8dce5df7c32346fb37c6,5,2026-09-27 10:45:35,2026-09-27 10:53:12,457.0,11,1.44,0,2,0,0
f6fc013d8163741c4d542df6d161c17558d10057c175c42cded6c786c93a399f,6,2026-09-27 18:46:19,2026-09-27 18:46:36,17.0,5,17.65,0,2,0,0
d35f8f7e5a96e1a2903f50c65939d4873a0db0a928aa54ff4bb5474babc23eb0,7,2026-09-27 18:51:36,2026-09-27 18:52:23,47.0,10,12.77,0,2,0,0
5eb4a10a3aacf65361deaf60791dfc79bc38ba24557a7febb351475085441b45,8,2026-09-27 18:58:28,2026-09-27 18:59:14,46.0,10,13.04,0,2,0,0
584b8724cc03e49cfd7e9b75be4d79222f0330195b095f3e8c6b354c374e2967,9,2026-09-27 19:01:26,2026-09-27 19:02:14,48.0,15,18.75,0,2,0,0
c906f0cb169497c088d7ca1fcd58a5c5bfaf8e3aa28e3c253accf3296e191819,10,2026-09-27 19:07:19,2026-09-27 19:08:06,47.0,10,12.77,0,2,0,0
a6406ad9078fef6c52c1567a449386d05867b593ada06320f916c27f1a240062,11,2026-09-27 19:11:27,2026-09-27 19:12:14,47.0,10,12.77,0,2,0,0
790a21bb07c503c14e809cbb75355fe4018d2ce8880f37b6fd903e3d17861fab,12,2026-09-27 19:14:08,2026-09-27 19:15:01,53.0,38,43.02,0,2,1,0
879cbedae3f030ff264ac1f7bfd0f81e0117fcb6c14085a9827982a51cf6809a,13,2026-09-27 19:16:45,2026-09-27 19:17:18,33.0,46,83.64,0,2,0,0
879cbedae3f030ff264ac1f7bfd0f81e0117fcb6c14085a9827982a51cf6809a,13,2026-09-27 19:17:19,2026-09-27 19:17:48,29.0,48,99.31,0,2,1,0
a328c149408706c53c07e535f98ac2e93bc76cea9b5917ef3c3f03d91244ca87,14,2026-09-28 04:17:25,2026-09-28 04:18:12,47.0,10,12.77,0,2,0,0
ip:127.0.0.1,,2026-09-28 04:18:53,2026-09-28 04:21:18,145.0,9,3.72,9,0,0,0
c6284bb778f96f0267b6dc490457703977f82b7f42cfb96c858a36d89ff73cca,15,2026-09-28 04:18:56,2026-09-28 04:19:53,57.0,38,40.0,0,2,1,0
48805502dfedc950a911656f71c4b9451498bf10fc18083817bf741c5890faa3,16,2026-09-28 04:21:19,2026-09-28 04:22:23,64.0,94,88.12,0,2,1,0
77589b31db522e1a7cddac236b596df44a18df9233d58dd0ae5ee03a8f039455,5,2026-09-28 04:38:33,2026-09-28 04:38:33,1,1,60.0,0,0,0,0
77589b31db522e1a7cddac236b596df44a18df9233d58dd0ae5ee03a8f039455,5,2026-09-28 04:38:33,2026-09-28 04:38:37,4.0,3,45.0,0,2,0,0
77589b31db522e1a7cddac236b596df44a18df9233d58dd0ae5ee03a8f039455,5,2026-09-28 04:41:57,2026-09-28 04:41:57,1,2,120.0,0,2,0,0
